testvideo001,DeliverObject,1
testvideo002,DeliverObject,1
testvideo003,DeliverObject,1
testvideo004,DeliverObject,1
testvideo005,DeliverObject,1
testvideo006,DeliverObject,1
testvideo007,DeliverObject,1
testvideo008,DeliverObject,1
testvideo009,DeliverObject,1
testvideo010,DeliverObject,1
testvideo011,DeliverObject,1
testvideo012,DeliverObject,1
testvideo013,DeliverObject,1
testvideo014,DeliverObject,1
testvideo015,DeliverObject,1
testvideo016,UsingTheDrill,25
testvideo017,DeliverObject,1
testvideo018,UsingTheDrill,25
testvideo019,UsingTheDrill,25
testvideo020,UsingTheDrill,25
testvideo021,UsingTheDrill,25
testvideo022,DeliverObject,1
testvideo023,DeliverObject,1
testvideo024,DeliverObject,1
testvideo025,DeliverObject,1
testvideo026,DeliverObject,1
testvideo027,DeliverObject,1
testvideo028,DeliverObject,1
testvideo029,MoveDiagonallyBackwardLeftWithDrill,4
testvideo030,MoveDiagonallyBackwardLeftWithPolisher,5
testvideo031,MoveDiagonallyBackwardLeftWithDrill,4
testvideo032,MoveDiagonallyBackwardLeftWithDrill,4
testvideo033,MoveDiagonallyBackwardLeftWithDrill,4
testvideo034,MoveDiagonallyBackwardLeftWithDrill,4
testvideo035,MoveDiagonallyBackwardLeftWithDrill,4
testvideo036,MoveDiagonallyBackwardLeftWithDrill,4
testvideo037,MoveDiagonallyBackwardLeftWithDrill,4
testvideo038,MoveDiagonallyBackwardLeftWithDrill,4
testvideo039,MoveDiagonallyBackwardLeftWithDrill,4
testvideo040,MoveDiagonallyBackwardLeftWithDrill,4
testvideo041,MoveDiagonallyBackwardLeftWithDrill,4
testvideo042,MoveDiagonallyBackwardLeftWithDrill,4
testvideo043,MoveBackwardsWhileDrilling,2
testvideo044,MoveBackwardsWhileDrilling,2
testvideo045,MoveDiagonallyBackwardLeftWithDrill,4
testvideo046,MoveBackwardsWhileDrilling,2
testvideo047,MoveBackwardsWhileDrilling,2
testvideo048,MoveBackwardsWhileDrilling,2
testvideo049,MoveDiagonallyBackwardLeftWithDrill,4
testvideo050,MoveDiagonallyBackwardRightWithDrill,6
testvideo051,MoveBackwardsWhileDrilling,2
testvideo052,MoveDiagonallyBackwardRightWithDrill,6
testvideo053,MoveBackwardsWhileDrilling,2
testvideo054,MoveBackwardsWhileDrilling,2
testvideo055,MoveBackwardsWhileDrilling,2
testvideo056,MoveBackwardsWhileDrilling,2
testvideo057,MoveDiagonallyBackwardLeftWithPolisher,5
testvideo058,MoveDiagonallyBackwardLeftWithPolisher,5
testvideo059,MoveDiagonallyBackwardLeftWithPolisher,5
testvideo060,MoveDiagonallyBackwardLeftWithPolisher,5
testvideo061,MoveDiagonallyBackwardLeftWithPolisher,5
testvideo062,MoveDiagonallyBackwardLeftWithPolisher,5
testvideo063,MoveBackwardsWhilePolishing,3
testvideo064,MoveBackwardsWhilePolishing,3
testvideo065,MoveDiagonallyBackwardLeftWithPolisher,5
testvideo066,MoveDiagonallyBackwardLeftWithPolisher,5
testvideo067,MoveDiagonallyBackwardLeftWithPolisher,5
testvideo068,MoveDiagonallyBackwardLeftWithPolisher,5
testvideo069,MoveDiagonallyBackwardLeftWithPolisher,5
testvideo070,MoveDiagonallyBackwardLeftWithPolisher,5
testvideo071,MoveBackwardsWhilePolishing,3
testvideo072,MoveBackwardsWhilePolishing,3
testvideo073,MoveBackwardsWhilePolishing,3
testvideo074,MoveBackwardsWhilePolishing,3
testvideo075,MoveBackwardsWhilePolishing,3
testvideo076,MoveBackwardsWhilePolishing,3
testvideo077,MoveBackwardsWhilePolishing,3
testvideo078,MoveBackwardsWhilePolishing,3
testvideo079,MoveBackwardsWhilePolishing,3
testvideo080,MoveBackwardsWhilePolishing,3
testvideo081,MoveBackwardsWhilePolishing,3
testvideo082,MoveBackwardsWhilePolishing,3
testvideo083,MoveDiagonallyBackwardRightWithPolisher,7
testvideo084,MoveBackwardsWhilePolishing,3
testvideo085,MoveDiagonallyBackwardLeftWithDrill,4
testvideo086,MoveDiagonallyBackwardLeftWithDrill,4
testvideo087,MoveDiagonallyBackwardLeftWithDrill,4
testvideo088,MoveDiagonallyBackwardLeftWithDrill,4
testvideo089,MoveDiagonallyBackwardLeftWithDrill,4
testvideo090,MoveDiagonallyBackwardLeftWithDrill,4
testvideo091,MoveDiagonallyBackwardLeftWithDrill,4
testvideo092,MoveDiagonallyBackwardLeftWithDrill,4
testvideo093,MoveDiagonallyBackwardLeftWithDrill,4
testvideo094,MoveDiagonallyBackwardLeftWithDrill,4
testvideo095,MoveDiagonallyBackwardLeftWithDrill,4
testvideo096,MoveDiagonallyBackwardLeftWithDrill,4
testvideo097,MoveDiagonallyBackwardLeftWithDrill,4
testvideo098,MoveDiagonallyBackwardLeftWithDrill,4
testvideo099,MoveDiagonallyBackwardLeftWithDrill,4
testvideo100,MoveDiagonallyBackwardLeftWithDrill,4
testvideo101,MoveDiagonallyBackwardLeftWithDrill,4
testvideo102,MoveDiagonallyBackwardLeftWithDrill,4
testvideo103,MoveDiagonallyBackwardLeftWithDrill,4
testvideo104,MoveDiagonallyBackwardLeftWithDrill,4
testvideo105,MoveDiagonallyBackwardLeftWithDrill,4
testvideo106,MoveBackwardsWhileDrilling,2
testvideo107,MoveDiagonallyBackwardLeftWithDrill,4
testvideo108,MoveDiagonallyBackwardLeftWithDrill,4
testvideo109,MoveDiagonallyBackwardLeftWithDrill,4
testvideo110,MoveDiagonallyBackwardLeftWithDrill,4
testvideo111,MoveDiagonallyBackwardLeftWithDrill,4
testvideo112,MoveDiagonallyBackwardLeftWithDrill,4
testvideo113,MoveDiagonallyBackwardLeftWithPolisher,5
testvideo114,MoveDiagonallyBackwardLeftWithPolisher,5
testvideo115,MoveDiagonallyBackwardLeftWithPolisher,5
testvideo116,MoveDiagonallyBackwardLeftWithPolisher,5
testvideo117,MoveDiagonallyBackwardLeftWithPolisher,5
testvideo118,MoveDiagonallyBackwardLeftWithPolisher,5
testvideo119,MoveDiagonallyBackwardLeftWithPolisher,5
testvideo120,MoveDiagonallyBackwardLeftWithPolisher,5
testvideo121,MoveDiagonallyBackwardLeftWithPolisher,5
testvideo122,MoveDiagonallyBackwardLeftWithPolisher,5
testvideo123,MoveDiagonallyBackwardLeftWithPolisher,5
testvideo124,MoveDiagonallyBackwardLeftWithPolisher,5
testvideo125,MoveDiagonallyBackwardLeftWithPolisher,5
testvideo126,MoveDiagonallyBackwardLeftWithPolisher,5
testvideo127,MoveDiagonallyBackwardLeftWithPolisher,5
testvideo128,MoveDiagonallyBackwardLeftWithPolisher,5
testvideo129,MoveDiagonallyBackwardLeftWithPolisher,5
testvideo130,MoveDiagonallyBackwardLeftWithPolisher,5
testvideo131,MoveDiagonallyBackwardLeftWithPolisher,5
testvideo132,MoveDiagonallyBackwardLeftWithPolisher,5
testvideo133,MoveDiagonallyBackwardLeftWithPolisher,5
testvideo134,MoveDiagonallyBackwardLeftWithPolisher,5
testvideo135,MoveDiagonallyBackwardLeftWithDrill,4
testvideo136,MoveDiagonallyBackwardLeftWithPolisher,5
testvideo137,MoveDiagonallyBackwardLeftWithPolisher,5
testvideo138,MoveDiagonallyBackwardLeftWithPolisher,5
testvideo139,MoveDiagonallyBackwardLeftWithPolisher,5
testvideo140,MoveDiagonallyBackwardLeftWithPolisher,5
testvideo141,MoveDiagonallyBackwardRightWithDrill,6
testvideo142,MoveDiagonallyBackwardRightWithPolisher,7
testvideo143,MoveDiagonallyBackwardRightWithDrill,6
testvideo144,MoveDiagonallyBackwardRightWithDrill,6
testvideo145,MoveDiagonallyBackwardRightWithDrill,6
testvideo146,MoveDiagonallyBackwardRightWithDrill,6
testvideo147,MoveDiagonallyBackwardRightWithDrill,6
testvideo148,MoveDiagonallyBackwardRightWithDrill,6
testvideo149,MoveDiagonallyBackwardRightWithDrill,6
testvideo150,MoveDiagonallyBackwardRightWithDrill,6
testvideo151,MoveDiagonallyBackwardRightWithDrill,6
testvideo152,MoveDiagonallyBackwardRightWithDrill,6
testvideo153,MoveDiagonallyBackwardRightWithDrill,6
testvideo154,MoveDiagonallyBackwardRightWithDrill,6
testvideo155,MoveDiagonallyBackwardRightWithDrill,6
testvideo156,MoveBackwardsWhileDrilling,2
testvideo157,MoveBackwardsWhileDrilling,2
testvideo158,MoveDiagonallyBackwardRightWithDrill,6
testvideo159,MoveDiagonallyBackwardRightWithDrill,6
testvideo160,MoveBackwardsWhileDrilling,2
testvideo161,MoveDiagonallyBackwardRightWithDrill,6
testvideo162,MoveBackwardsWhileDrilling,2
testvideo163,MoveBackwardsWhileDrilling,2
testvideo164,MoveDiagonallyBackwardRightWithDrill,6
testvideo165,MoveDiagonallyBackwardRightWithDrill,6
testvideo166,MoveDiagonallyBackwardRightWithDrill,6
testvideo167,MoveDiagonallyBackwardRightWithDrill,6
testvideo168,MoveDiagonallyBackwardRightWithDrill,6
testvideo169,MoveDiagonallyBackwardRightWithPolisher,7
testvideo170,MoveDiagonallyBackwardRightWithPolisher,7
testvideo171,MoveDiagonallyBackwardRightWithPolisher,7
testvideo172,MoveDiagonallyBackwardRightWithPolisher,7
testvideo173,MoveDiagonallyBackwardRightWithPolisher,7
testvideo174,MoveBackwardsWhilePolishing,3
testvideo175,MoveDiagonallyBackwardRightWithPolisher,7
testvideo176,MoveDiagonallyBackwardRightWithPolisher,7
testvideo177,MoveDiagonallyBackwardRightWithPolisher,7
testvideo178,MoveDiagonallyBackwardRightWithPolisher,7
testvideo179,MoveDiagonallyBackwardRightWithPolisher,7
testvideo180,MoveDiagonallyBackwardRightWithPolisher,7
testvideo181,MoveDiagonallyBackwardRightWithPolisher,7
testvideo182,MoveDiagonallyBackwardRightWithPolisher,7
testvideo183,MoveBackwardsWhilePolishing,3
testvideo184,MoveDiagonallyBackwardRightWithPolisher,7
testvideo185,MoveDiagonallyBackwardRightWithPolisher,7
testvideo186,MoveDiagonallyBackwardRightWithPolisher,7
testvideo187,MoveDiagonallyBackwardRightWithPolisher,7
testvideo188,MoveDiagonallyBackwardRightWithPolisher,7
testvideo189,MoveDiagonallyBackwardRightWithPolisher,7
testvideo190,MoveDiagonallyBackwardRightWithPolisher,7
testvideo191,MoveDiagonallyBackwardRightWithPolisher,7
testvideo192,MoveDiagonallyBackwardRightWithPolisher,7
testvideo193,MoveDiagonallyBackwardRightWithPolisher,7
testvideo194,MoveDiagonallyBackwardRightWithPolisher,7
testvideo195,MoveDiagonallyBackwardRightWithPolisher,7
testvideo196,MoveDiagonallyBackwardRightWithPolisher,7
testvideo197,MoveDiagonallyForwardLeftWithPolisher,9
testvideo198,MoveDiagonallyForwardLeftWithDrill,8
testvideo199,MoveDiagonallyForwardLeftWithDrill,8
testvideo200,MoveDiagonallyForwardLeftWithPolisher,9
testvideo201,MoveDiagonallyForwardLeftWithPolisher,9
testvideo202,MoveDiagonallyForwardLeftWithDrill,8
testvideo203,MoveDiagonallyForwardLeftWithDrill,8
testvideo204,MoveDiagonallyForwardLeftWithDrill,8
testvideo205,MoveDiagonallyForwardLeftWithDrill,8
testvideo206,MoveDiagonallyForwardLeftWithDrill,8
testvideo207,MoveDiagonallyForwardLeftWithDrill,8
testvideo208,MoveDiagonallyForwardLeftWithDrill,8
testvideo209,MoveDiagonallyForwardLeftWithDrill,8
testvideo210,MoveDiagonallyForwardLeftWithDrill,8
testvideo211,MoveDiagonallyForwardLeftWithDrill,8
testvideo212,MoveDiagonallyForwardLeftWithDrill,8
testvideo213,MoveDiagonallyForwardLeftWithDrill,8
testvideo214,MoveDiagonallyForwardLeftWithDrill,8
testvideo215,MoveDiagonallyForwardLeftWithDrill,8
testvideo216,MoveDiagonallyForwardLeftWithDrill,8
testvideo217,MoveDiagonallyForwardLeftWithDrill,8
testvideo218,MoveDiagonallyForwardLeftWithDrill,8
testvideo219,MoveDiagonallyForwardLeftWithDrill,8
testvideo220,MoveDiagonallyForwardLeftWithDrill,8
testvideo221,MoveDiagonallyForwardLeftWithDrill,8
testvideo222,MoveDiagonallyForwardLeftWithDrill,8
testvideo223,MoveDiagonallyForwardLeftWithDrill,8
testvideo224,MoveDiagonallyForwardLeftWithDrill,8
testvideo225,MoveDiagonallyForwardLeftWithPolisher,9
testvideo226,MoveDiagonallyForwardLeftWithPolisher,9
testvideo227,MoveDiagonallyForwardLeftWithPolisher,9
testvideo228,MoveDiagonallyForwardLeftWithPolisher,9
testvideo229,MoveDiagonallyForwardLeftWithPolisher,9
testvideo230,MoveDiagonallyForwardLeftWithPolisher,9
testvideo231,MoveDiagonallyForwardLeftWithPolisher,9
testvideo232,MoveDiagonallyForwardLeftWithPolisher,9
testvideo233,MoveDiagonallyForwardLeftWithPolisher,9
testvideo234,MoveDiagonallyForwardLeftWithPolisher,9
testvideo235,MoveDiagonallyForwardLeftWithPolisher,9
testvideo236,MoveDiagonallyForwardLeftWithPolisher,9
testvideo237,MoveDiagonallyForwardLeftWithPolisher,9
testvideo238,MoveDiagonallyForwardLeftWithPolisher,9
testvideo239,MoveDiagonallyForwardLeftWithPolisher,9
testvideo240,MoveDiagonallyForwardLeftWithPolisher,9
testvideo241,MoveDiagonallyForwardLeftWithPolisher,9
testvideo242,MoveDiagonallyForwardLeftWithPolisher,9
testvideo243,MoveDiagonallyForwardLeftWithPolisher,9
testvideo244,MoveDiagonallyForwardLeftWithPolisher,9
testvideo245,MoveDiagonallyForwardLeftWithPolisher,9
testvideo246,MoveDiagonallyForwardLeftWithPolisher,9
testvideo247,MoveDiagonallyForwardLeftWithPolisher,9
testvideo248,MoveDiagonallyForwardLeftWithPolisher,9
testvideo249,MoveDiagonallyForwardLeftWithPolisher,9
testvideo250,MoveDiagonallyForwardLeftWithPolisher,9
testvideo251,MoveDiagonallyForwardLeftWithPolisher,9
testvideo252,MoveDiagonallyForwardLeftWithPolisher,9
testvideo253,MoveRightWhileDrilling,16
testvideo254,MoveDiagonallyForwardRightWithDrill,10
testvideo255,MoveDiagonallyForwardRightWithDrill,10
testvideo256,MoveDiagonallyForwardRightWithDrill,10
testvideo257,MoveDiagonallyForwardRightWithDrill,10
testvideo258,MoveDiagonallyForwardRightWithDrill,10
testvideo259,MoveDiagonallyForwardRightWithDrill,10
testvideo260,MoveDiagonallyForwardRightWithDrill,10
testvideo261,MoveDiagonallyForwardRightWithDrill,10
testvideo262,MoveDiagonallyForwardRightWithDrill,10
testvideo263,MoveDiagonallyForwardRightWithDrill,10
testvideo264,MoveDiagonallyForwardRightWithDrill,10
testvideo265,MoveDiagonallyForwardRightWithDrill,10
testvideo266,MoveDiagonallyForwardRightWithDrill,10
testvideo267,MoveRightWhileDrilling,16
testvideo268,MoveDiagonallyForwardRightWithDrill,10
testvideo269,MoveRightWhileDrilling,16
testvideo270,MoveDiagonallyForwardRightWithDrill,10
testvideo271,MoveDiagonallyForwardRightWithDrill,10
testvideo272,MoveDiagonallyForwardRightWithDrill,10
testvideo273,MoveDiagonallyForwardRightWithDrill,10
testvideo274,MoveDiagonallyForwardRightWithDrill,10
testvideo275,MoveDiagonallyForwardRightWithDrill,10
testvideo276,MoveDiagonallyForwardRightWithDrill,10
testvideo277,MoveForwardWhileDrilling,12
testvideo278,MoveForwardWhileDrilling,12
testvideo279,MoveDiagonallyForwardRightWithDrill,10
testvideo280,MoveDiagonallyForwardRightWithDrill,10
testvideo281,MoveDiagonallyForwardRightWithPolisher,11
testvideo282,MoveDiagonallyForwardRightWithPolisher,11
testvideo283,MoveDiagonallyForwardRightWithPolisher,11
testvideo284,MoveDiagonallyForwardRightWithPolisher,11
testvideo285,MoveDiagonallyForwardRightWithPolisher,11
testvideo286,MoveDiagonallyForwardRightWithPolisher,11
testvideo287,MoveRightWhilePolishing,17
testvideo288,MoveDiagonallyForwardRightWithPolisher,11
testvideo289,MoveDiagonallyForwardRightWithPolisher,11
testvideo290,MoveDiagonallyForwardRightWithPolisher,11
testvideo291,MoveDiagonallyForwardRightWithPolisher,11
testvideo292,MoveDiagonallyForwardRightWithPolisher,11
testvideo293,MoveDiagonallyForwardRightWithPolisher,11
testvideo294,MoveDiagonallyForwardRightWithPolisher,11
testvideo295,MoveDiagonallyForwardRightWithPolisher,11
testvideo296,MoveDiagonallyForwardRightWithPolisher,11
testvideo297,MoveDiagonallyForwardRightWithPolisher,11
testvideo298,MoveDiagonallyForwardRightWithPolisher,11
testvideo299,MoveRightWhilePolishing,17
testvideo300,MoveDiagonallyForwardRightWithPolisher,11
testvideo301,MoveRightWhilePolishing,17
testvideo302,MoveDiagonallyForwardRightWithPolisher,11
testvideo303,MoveDiagonallyForwardRightWithPolisher,11
testvideo304,MoveDiagonallyForwardRightWithPolisher,11
testvideo305,MoveForwardWhilePolishing,13
testvideo306,MoveDiagonallyForwardRightWithPolisher,11
testvideo307,MoveDiagonallyForwardRightWithPolisher,11
testvideo308,MoveDiagonallyForwardRightWithPolisher,11
testvideo309,MoveForwardWhileDrilling,12
testvideo310,MoveForwardWhileDrilling,12
testvideo311,MoveForwardWhileDrilling,12
testvideo312,MoveForwardWhileDrilling,12
testvideo313,MoveForwardWhileDrilling,12
testvideo314,MoveForwardWhileDrilling,12
testvideo315,MoveForwardWhileDrilling,12
testvideo316,MoveDiagonallyForwardLeftWithDrill,8
testvideo317,MoveDiagonallyForwardLeftWithDrill,8
testvideo318,MoveForwardWhileDrilling,12
testvideo319,MoveForwardWhileDrilling,12
testvideo320,MoveForwardWhileDrilling,12
testvideo321,MoveForwardWhileDrilling,12
testvideo322,MoveForwardWhileDrilling,12
testvideo323,MoveForwardWhileDrilling,12
testvideo324,MoveDiagonallyForwardRightWithDrill,10
testvideo325,MoveDiagonallyForwardRightWithDrill,10
testvideo326,MoveDiagonallyForwardRightWithDrill,10
testvideo327,MoveDiagonallyForwardRightWithDrill,10
testvideo328,MoveForwardWhileDrilling,12
testvideo329,MoveForwardWhileDrilling,12
testvideo330,MoveForwardWhileDrilling,12
testvideo331,MoveForwardWhileDrilling,12
testvideo332,MoveForwardWhileDrilling,12
testvideo333,MoveForwardWhileDrilling,12
testvideo334,MoveForwardWhileDrilling,12
testvideo335,MoveForwardWhileDrilling,12
testvideo336,MoveForwardWhilePolishing,13
testvideo337,MoveForwardWhilePolishing,13
testvideo338,MoveForwardWhilePolishing,13
testvideo339,MoveForwardWhilePolishing,13
testvideo340,MoveForwardWhilePolishing,13
testvideo341,MoveForwardWhilePolishing,13
testvideo342,MoveForwardWhilePolishing,13
testvideo343,MoveForwardWhilePolishing,13
testvideo344,MoveForwardWhilePolishing,13
testvideo345,MoveForwardWhilePolishing,13
testvideo346,MoveDiagonallyForwardLeftWithPolisher,9
testvideo347,MoveDiagonallyForwardLeftWithPolisher,9
testvideo348,MoveDiagonallyForwardLeftWithPolisher,9
testvideo349,MoveDiagonallyForwardLeftWithPolisher,9
testvideo350,MoveForwardWhilePolishing,13
testvideo351,MoveForwardWhilePolishing,13
testvideo352,MoveForwardWhilePolishing,13
testvideo353,MoveForwardWhilePolishing,13
testvideo354,MoveDiagonallyForwardRightWithPolisher,11
testvideo355,MoveDiagonallyForwardRightWithPolisher,11
testvideo356,MoveDiagonallyForwardRightWithPolisher,11
testvideo357,MoveForwardWhilePolishing,13
testvideo358,MoveForwardWhilePolishing,13
testvideo359,MoveForwardWhilePolishing,13
testvideo360,MoveForwardWhilePolishing,13
testvideo361,MoveForwardWhilePolishing,13
testvideo362,MoveForwardWhilePolishing,13
testvideo363,MoveForwardWhilePolishing,13
testvideo364,MoveLeftWhileDrilling,14
testvideo365,MoveLeftWhileDrilling,14
testvideo366,MoveLeftWhileDrilling,14
testvideo367,MoveLeftWhileDrilling,14
testvideo368,MoveLeftWhileDrilling,14
testvideo369,MoveLeftWhileDrilling,14
testvideo370,MoveLeftWhileDrilling,14
testvideo371,MoveLeftWhileDrilling,14
testvideo372,MoveLeftWhileDrilling,14
testvideo373,MoveLeftWhileDrilling,14
testvideo374,MoveLeftWhileDrilling,14
testvideo375,MoveLeftWhileDrilling,14
testvideo376,MoveLeftWhileDrilling,14
testvideo377,MoveLeftWhileDrilling,14
testvideo378,MoveLeftWhileDrilling,14
testvideo379,MoveLeftWhileDrilling,14
testvideo380,MoveLeftWhileDrilling,14
testvideo381,MoveLeftWhileDrilling,14
testvideo382,MoveLeftWhileDrilling,14
testvideo383,MoveLeftWhileDrilling,14
testvideo384,MoveLeftWhileDrilling,14
testvideo385,MoveLeftWhileDrilling,14
testvideo386,MoveLeftWhileDrilling,14
testvideo387,MoveLeftWhileDrilling,14
testvideo388,MoveLeftWhileDrilling,14
testvideo389,MoveLeftWhileDrilling,14
testvideo390,MoveLeftWhileDrilling,14
testvideo391,MoveLeftWhileDrilling,14
testvideo392,MoveLeftWhilePolishing,15
testvideo393,MoveLeftWhilePolishing,15
testvideo394,MoveLeftWhilePolishing,15
testvideo395,MoveLeftWhilePolishing,15
testvideo396,MoveLeftWhilePolishing,15
testvideo397,MoveLeftWhilePolishing,15
testvideo398,MoveLeftWhilePolishing,15
testvideo399,MoveLeftWhilePolishing,15
testvideo400,MoveLeftWhilePolishing,15
testvideo401,MoveLeftWhilePolishing,15
testvideo402,MoveLeftWhilePolishing,15
testvideo403,MoveLeftWhilePolishing,15
testvideo404,MoveLeftWhilePolishing,15
testvideo405,MoveLeftWhilePolishing,15
testvideo406,MoveLeftWhilePolishing,15
testvideo407,MoveLeftWhilePolishing,15
testvideo408,MoveLeftWhilePolishing,15
testvideo409,MoveLeftWhilePolishing,15
testvideo410,MoveLeftWhilePolishing,15
testvideo411,MoveLeftWhilePolishing,15
testvideo412,MoveDiagonallyBackwardLeftWithPolisher,5
testvideo413,MoveLeftWhilePolishing,15
testvideo414,MoveLeftWhilePolishing,15
testvideo415,MoveLeftWhilePolishing,15
testvideo416,MoveLeftWhilePolishing,15
testvideo417,MoveLeftWhilePolishing,15
testvideo418,MoveLeftWhilePolishing,15
testvideo419,MoveLeftWhilePolishing,15
testvideo420,MoveRightWhileDrilling,16
testvideo421,MoveRightWhileDrilling,16
testvideo422,MoveRightWhileDrilling,16
testvideo423,MoveRightWhileDrilling,16
testvideo424,MoveRightWhileDrilling,16
testvideo425,MoveRightWhileDrilling,16
testvideo426,MoveRightWhileDrilling,16
testvideo427,MoveRightWhileDrilling,16
testvideo428,MoveRightWhileDrilling,16
testvideo429,MoveRightWhileDrilling,16
testvideo430,MoveRightWhileDrilling,16
testvideo431,MoveRightWhileDrilling,16
testvideo432,MoveRightWhileDrilling,16
testvideo433,MoveRightWhileDrilling,16
testvideo434,MoveRightWhileDrilling,16
testvideo435,MoveRightWhileDrilling,16
testvideo436,MoveRightWhileDrilling,16
testvideo437,MoveRightWhileDrilling,16
testvideo438,MoveRightWhileDrilling,16
testvideo439,MoveRightWhileDrilling,16
testvideo440,MoveRightWhileDrilling,16
testvideo441,MoveRightWhileDrilling,16
testvideo442,MoveRightWhileDrilling,16
testvideo443,MoveRightWhileDrilling,16
testvideo444,MoveRightWhileDrilling,16
testvideo445,MoveRightWhileDrilling,16
testvideo446,MoveRightWhileDrilling,16
testvideo447,MoveRightWhileDrilling,16
testvideo448,MoveRightWhilePolishing,17
testvideo449,MoveRightWhilePolishing,17
testvideo450,MoveRightWhilePolishing,17
testvideo451,MoveRightWhilePolishing,17
testvideo452,MoveRightWhilePolishing,17
testvideo453,MoveRightWhilePolishing,17
testvideo454,MoveRightWhilePolishing,17
testvideo455,MoveRightWhilePolishing,17
testvideo456,MoveRightWhilePolishing,17
testvideo457,MoveRightWhilePolishing,17
testvideo458,MoveRightWhilePolishing,17
testvideo459,MoveRightWhilePolishing,17
testvideo460,MoveRightWhilePolishing,17
testvideo461,MoveRightWhilePolishing,17
testvideo462,MoveRightWhilePolishing,17
testvideo463,MoveRightWhilePolishing,17
testvideo464,MoveRightWhilePolishing,17
testvideo465,MoveRightWhilePolishing,17
testvideo466,MoveRightWhilePolishing,17
testvideo467,MoveRightWhilePolishing,17
testvideo468,MoveRightWhilePolishing,17
testvideo469,MoveRightWhilePolishing,17
testvideo470,MoveRightWhilePolishing,17
testvideo471,MoveRightWhilePolishing,17
testvideo472,MoveRightWhilePolishing,17
testvideo473,MoveRightWhilePolishing,17
testvideo474,MoveRightWhilePolishing,17
testvideo475,MoveRightWhilePolishing,17
testvideo476,NoCollaborativeWithDrilll,18
testvideo477,NoCollaborativeWithDrilll,18
testvideo478,NoCollaborativeWithDrilll,18
testvideo479,NoCollaborativeWithDrilll,18
testvideo480,NoCollaborativeWithDrilll,18
testvideo481,NoCollaborativeWithDrilll,18
testvideo482,NoCollaborativeWithDrilll,18
testvideo483,NoCollaborativeWithDrilll,18
testvideo484,NoCollaborativeWithDrilll,18
testvideo485,NoCollaborativeWithDrilll,18
testvideo486,NoCollaborativeWithDrilll,18
testvideo487,NoCollaborativeWithDrilll,18
testvideo488,NoCollaborativeWithDrilll,18
testvideo489,NoCollaborativeWithDrilll,18
testvideo490,NoCollaborativeWithDrilll,18
testvideo491,NoCollaborativeWithDrilll,18
testvideo492,MoveLeftWhileDrilling,14
testvideo493,NoCollaborativeWithDrilll,18
testvideo494,NoCollaborativeWithDrilll,18
testvideo495,NoCollaborativeWithDrilll,18
testvideo496,NoCollaborativeWithDrilll,18
testvideo497,NoCollaborativeWithDrilll,18
testvideo498,NoCollaborativeWithDrilll,18
testvideo499,NoCollaborativeWithDrilll,18
testvideo500,NoCollaborativeWithDrilll,18
testvideo501,NoCollaborativeWithDrilll,18
testvideo502,NoCollaborativeWithDrilll,18
testvideo503,NoCollaborativeWithDrilll,18
testvideo504,NoCollaborativeWithPolisher,19
testvideo505,NoCollaborativeWithPolisher,19
testvideo506,NoCollaborativeWithPolisher,19
testvideo507,NoCollaborativeWithPolisher,19
testvideo508,NoCollaborativeWithPolisher,19
testvideo509,NoCollaborativeWithPolisher,19
testvideo510,NoCollaborativeWithPolisher,19
testvideo511,NoCollaborativeWithPolisher,19
testvideo512,NoCollaborativeWithPolisher,19
testvideo513,NoCollaborativeWithPolisher,19
testvideo514,NoCollaborativeWithPolisher,19
testvideo515,NoCollaborativeWithPolisher,19
testvideo516,NoCollaborativeWithPolisher,19
testvideo517,NoCollaborativeWithPolisher,19
testvideo518,NoCollaborativeWithPolisher,19
testvideo519,NoCollaborativeWithPolisher,19
testvideo520,NoCollaborativeWithPolisher,19
testvideo521,NoCollaborativeWithPolisher,19
testvideo522,NoCollaborativeWithPolisher,19
testvideo523,NoCollaborativeWithPolisher,19
testvideo524,NoCollaborativeWithPolisher,19
testvideo525,NoCollaborativeWithPolisher,19
testvideo526,NoCollaborativeWithPolisher,19
testvideo527,NoCollaborativeWithPolisher,19
testvideo528,NoCollaborativeWithPolisher,19
testvideo529,NoCollaborativeWithPolisher,19
testvideo530,NoCollaborativeWithPolisher,19
testvideo531,NoCollaborativeWithPolisher,19
testvideo532,PickUpDrill,20
testvideo533,PickUpDrill,20
testvideo534,PickUpDrill,20
testvideo535,PickUpDrill,20
testvideo536,PickUpDrill,20
testvideo537,PickUpDrill,20
testvideo538,PickUpDrill,20
testvideo539,PickUpDrill,20
testvideo540,PickUpDrill,20
testvideo541,PickUpDrill,20
testvideo542,PickUpDrill,20
testvideo543,PickUpDrill,20
testvideo544,PickUpDrill,20
testvideo545,PickUpDrill,20
testvideo546,PickUpDrill,20
testvideo547,PickUpDrill,20
testvideo548,PickUpDrill,20
testvideo549,PickUpDrill,20
testvideo550,PickUpDrill,20
testvideo551,PickUpDrill,20
testvideo552,PickUpDrill,20
testvideo553,PickUpDrill,20
testvideo554,PickUpDrill,20
testvideo555,PickUpDrill,20
testvideo556,PickUpDrill,20
testvideo557,PickUpDrill,20
testvideo558,PickUpDrill,20
testvideo559,PickUpDrill,20
testvideo560,PickUpPolisher,21
testvideo561,PickUpPolisher,21
testvideo562,PickUpPolisher,21
testvideo563,PickUpPolisher,21
testvideo564,PickUpPolisher,21
testvideo565,PickUpPolisher,21
testvideo566,PickUpPolisher,21
testvideo567,PickUpPolisher,21
testvideo568,PickUpPolisher,21
testvideo569,PickUpPolisher,21
testvideo570,PickUpPolisher,21
testvideo571,PickUpPolisher,21
testvideo572,PickUpPolisher,21
testvideo573,PickUpPolisher,21
testvideo574,PickUpPolisher,21
testvideo575,PickUpPolisher,21
testvideo576,PickUpPolisher,21
testvideo577,PickUpPolisher,21
testvideo578,PickUpPolisher,21
testvideo579,PickUpPolisher,21
testvideo580,PickUpPolisher,21
testvideo581,PickUpPolisher,21
testvideo582,PickUpPolisher,21
testvideo583,PickUpPolisher,21
testvideo584,PickUpPolisher,21
testvideo585,PickUpPolisher,21
testvideo586,PickUpPolisher,21
testvideo587,PickUpPolisher,21
testvideo588,PickUpTheObject,22
testvideo589,PickUpTheObject,22
testvideo590,PickUpTheObject,22
testvideo591,PickUpTheObject,22
testvideo592,PickUpTheObject,22
testvideo593,PickUpTheObject,22
testvideo594,PickUpTheObject,22
testvideo595,PickUpTheObject,22
testvideo596,PickUpTheObject,22
testvideo597,PickUpTheObject,22
testvideo598,PickUpTheObject,22
testvideo599,PickUpTheObject,22
testvideo600,PickUpTheObject,22
testvideo601,PickUpTheObject,22
testvideo602,PickUpTheObject,22
testvideo603,PickUpTheObject,22
testvideo604,PickUpDrill,20
testvideo605,PickUpTheObject,22
testvideo606,PickUpDrill,20
testvideo607,PickUpDrill,20
testvideo608,PickUpTheObject,22
testvideo609,PickUpTheObject,22
testvideo610,PickUpTheObject,22
testvideo611,PickUpTheObject,22
testvideo612,PickUpTheObject,22
testvideo613,PickUpTheObject,22
testvideo614,PickUpTheObject,22
testvideo615,PickUpTheObject,22
testvideo616,PutDownDrill,23
testvideo617,PutDownDrill,23
testvideo618,PutDownDrill,23
testvideo619,PutDownDrill,23
testvideo620,PutDownDrill,23
testvideo621,PutDownDrill,23
testvideo622,PutDownDrill,23
testvideo623,PickUpDrill,20
testvideo624,PutDownDrill,23
testvideo625,PutDownDrill,23
testvideo626,PutDownDrill,23
testvideo627,PutDownDrill,23
testvideo628,PutDownDrill,23
testvideo629,PutDownDrill,23
testvideo630,PutDownDrill,23
testvideo631,PutDownDrill,23
testvideo632,PutDownDrill,23
testvideo633,PutDownDrill,23
testvideo634,PutDownDrill,23
testvideo635,PutDownDrill,23
testvideo636,PutDownDrill,23
testvideo637,PutDownDrill,23
testvideo638,PutDownDrill,23
testvideo639,PutDownDrill,23
testvideo640,PutDownDrill,23
testvideo641,PutDownDrill,23
testvideo642,PutDownDrill,23
testvideo643,PutDownDrill,23
testvideo644,PutDownPolisher,24
testvideo645,PutDownPolisher,24
testvideo646,PutDownPolisher,24
testvideo647,PutDownPolisher,24
testvideo648,PutDownPolisher,24
testvideo649,PutDownPolisher,24
testvideo650,PutDownPolisher,24
testvideo651,PutDownPolisher,24
testvideo652,PutDownPolisher,24
testvideo653,PutDownPolisher,24
testvideo654,PutDownPolisher,24
testvideo655,PutDownPolisher,24
testvideo656,PutDownPolisher,24
testvideo657,PutDownPolisher,24
testvideo658,PutDownPolisher,24
testvideo659,PutDownPolisher,24
testvideo660,PutDownPolisher,24
testvideo661,PutDownPolisher,24
testvideo662,PutDownPolisher,24
testvideo663,PutDownPolisher,24
testvideo664,PutDownPolisher,24
testvideo665,PutDownPolisher,24
testvideo666,PutDownPolisher,24
testvideo667,PutDownPolisher,24
testvideo668,PutDownPolisher,24
testvideo669,PutDownPolisher,24
testvideo670,PutDownPolisher,24
testvideo671,PutDownPolisher,24
testvideo672,UsingTheDrill,25
testvideo673,UsingTheDrill,25
testvideo674,UsingTheDrill,25
testvideo675,UsingTheDrill,25
testvideo676,UsingTheDrill,25
testvideo677,UsingTheDrill,25
testvideo678,UsingTheDrill,25
testvideo679,UsingTheDrill,25
testvideo680,UsingTheDrill,25
testvideo681,UsingTheDrill,25
testvideo682,UsingTheDrill,25
testvideo683,UsingTheDrill,25
testvideo684,UsingTheDrill,25
testvideo685,UsingTheDrill,25
testvideo686,UsingTheDrill,25
testvideo687,UsingTheDrill,25
testvideo688,UsingTheDrill,25
testvideo689,UsingTheDrill,25
testvideo690,UsingTheDrill,25
testvideo691,UsingTheDrill,25
testvideo692,UsingTheDrill,25
testvideo693,UsingTheDrill,25
testvideo694,UsingTheDrill,25
testvideo695,UsingTheDrill,25
testvideo696,UsingTheDrill,25
testvideo697,UsingTheDrill,25
testvideo698,UsingTheDrill,25
testvideo699,UsingTheDrill,25
testvideo700,UsingThePolisher,26
testvideo701,UsingThePolisher,26
testvideo702,UsingThePolisher,26
testvideo703,UsingThePolisher,26
testvideo704,UsingThePolisher,26
testvideo705,UsingThePolisher,26
testvideo706,UsingThePolisher,26
testvideo707,UsingThePolisher,26
testvideo708,UsingThePolisher,26
testvideo709,UsingThePolisher,26
testvideo710,UsingThePolisher,26
testvideo711,UsingThePolisher,26
testvideo712,UsingThePolisher,26
testvideo713,UsingThePolisher,26
testvideo714,UsingThePolisher,26
testvideo715,UsingThePolisher,26
testvideo716,UsingThePolisher,26
testvideo717,UsingThePolisher,26
testvideo718,UsingThePolisher,26
testvideo719,UsingThePolisher,26
testvideo720,UsingThePolisher,26
testvideo721,UsingThePolisher,26
testvideo722,UsingThePolisher,26
testvideo723,UsingThePolisher,26
testvideo724,UsingThePolisher,26
testvideo725,UsingThePolisher,26
testvideo726,UsingThePolisher,26
testvideo727,UsingThePolisher,26
testvideo728,WalkingWithDrill,29
testvideo729,WalkingWithDrill,29
testvideo730,WalkingWithDrill,29
testvideo731,WalkingWithDrill,29
testvideo732,WalkingWithDrill,29
testvideo733,WalkingWithDrill,29
testvideo734,WalkingWithDrill,29
testvideo735,WalkingWithObject,28
testvideo736,WalkingWithDrill,29
testvideo737,Walking,27
testvideo738,WalkingWithDrill,29
testvideo739,WalkingWithDrill,29
testvideo740,WalkingWithPolisher,30
testvideo741,WalkingWithDrill,29
testvideo742,WalkingWithObject,28
testvideo743,WalkingWithObject,28
testvideo744,WalkingWithObject,28
testvideo745,WalkingWithObject,28
testvideo746,WalkingWithObject,28
testvideo747,WalkingWithDrill,29
testvideo748,WalkingWithObject,28
testvideo750,WalkingWithDrill,29
testvideo751,WalkingWithObject,28
testvideo752,WalkingWithDrill,29
testvideo753,WalkingWithObject,28
testvideo754,WalkingWithDrill,29
testvideo755,WalkingWithObject,28
testvideo756,WalkingWithObject,28
testvideo757,WalkingWithObject,28
testvideo758,WalkingWithObject,28
testvideo759,WalkingWithObject,28
testvideo760,WalkingWithObject,28
testvideo761,WalkingWithObject,28
testvideo762,WalkingWithObject,28
testvideo763,WalkingWithObject,28
testvideo764,WalkingWithObject,28
testvideo765,WalkingWithDrill,29
testvideo766,WalkingWithObject,28
testvideo767,WalkingWithObject,28
testvideo768,WalkingWithObject,28
testvideo769,WalkingWithObject,28
testvideo770,WalkingWithObject,28
testvideo771,WalkingWithObject,28
testvideo772,WalkingWithObject,28
testvideo773,WalkingWithObject,28
testvideo774,WalkingWithObject,28
testvideo775,WalkingWithObject,28
testvideo776,WalkingWithObject,28
testvideo777,WalkingWithObject,28
testvideo778,WalkingWithObject,28
testvideo779,WalkingWithObject,28
testvideo780,WalkingWithObject,28
testvideo781,WalkingWithObject,28
testvideo782,WalkingWithObject,28
testvideo783,WalkingWithDrill,29
testvideo784,WalkingWithPolisher,30
testvideo785,WalkingWithPolisher,30
testvideo786,WalkingWithPolisher,30
testvideo787,WalkingWithPolisher,30
testvideo788,WalkingWithPolisher,30
testvideo789,WalkingWithPolisher,30
testvideo790,WalkingWithPolisher,30
testvideo791,WalkingWithPolisher,30
testvideo792,WalkingWithPolisher,30
testvideo793,WalkingWithPolisher,30
testvideo794,WalkingWithPolisher,30
testvideo795,WalkingWithPolisher,30
testvideo796,WalkingWithPolisher,30
testvideo797,WalkingWithPolisher,30
testvideo798,WalkingWithPolisher,30
testvideo799,WalkingWithPolisher,30
testvideo800,WalkingWithPolisher,30
testvideo801,WalkingWithPolisher,30
testvideo802,WalkingWithPolisher,30
testvideo803,WalkingWithPolisher,30
testvideo804,WalkingWithPolisher,30
testvideo805,WalkingWithPolisher,30
testvideo806,WalkingWithPolisher,30
testvideo807,WalkingWithPolisher,30
testvideo808,WalkingWithPolisher,30
testvideo809,WalkingWithPolisher,30
testvideo810,WalkingWithPolisher,30
testvideo811,WalkingWithPolisher,30
testvideo812,Walking,27
testvideo813,Walking,27
testvideo814,Walking,27
testvideo815,Walking,27
testvideo816,Walking,27
testvideo817,Walking,27
testvideo818,Walking,27
testvideo819,Walking,27
testvideo820,Walking,27
testvideo821,Walking,27
testvideo822,Walking,27
testvideo823,Walking,27
testvideo824,Walking,27
testvideo825,Walking,27
testvideo826,Walking,27
testvideo827,Walking,27
testvideo828,Walking,27
testvideo829,Walking,27
testvideo830,Walking,27
testvideo831,Walking,27
testvideo832,Walking,27
testvideo833,Walking,27
testvideo834,Walking,27
testvideo835,Walking,27
testvideo836,Walking,27
testvideo837,Walking,27
testvideo838,Walking,27
testvideo839,Walking,27
